seed,model,split,balanced_accuracy,accuracy,epochs_ran,early_stopped,shared_subject_count,hpc_summary_metrics_csv
42,canonical_eegnet,subject_overlap_smoke,0.9046940858995332,0.9060910015990696,25,False,65,/scratch/ans9868/rebuttal-deep-eeg-full-pipeline/eeg-full-pipeline/data/DL_W_C_ad_cntrl_seed42_hpc_braindecode_full/deep_learning_smoke_outputs/summary_metrics.csv
42,eeg_conformer_small,subject_overlap_smoke,0.98021264219786,0.9803750545137374,20,True,65,/scratch/ans9868/rebuttal-deep-eeg-full-pipeline/eeg-full-pipeline/data/DL_W_C_ad_cntrl_seed42_hpc_braindecode_full/deep_learning_smoke_outputs/summary_metrics.csv
43,canonical_eegnet,subject_overlap_smoke,0.9202250176121506,0.9226631777874691,25,False,65,/scratch/ans9868/rebuttal-deep-eeg-full-pipeline/eeg-full-pipeline/data/DL_W_C_ad_cntrl_seed43_hpc_braindecode_full/deep_learning_smoke_outputs/summary_metrics.csv
43,eeg_conformer_small,subject_overlap_smoke,0.9719545052137084,0.9726704462857974,16,True,65,/scratch/ans9868/rebuttal-deep-eeg-full-pipeline/eeg-full-pipeline/data/DL_W_C_ad_cntrl_seed43_hpc_braindecode_full/deep_learning_smoke_outputs/summary_metrics.csv
44,canonical_eegnet,subject_overlap_smoke,0.9177676748379086,0.9174298589911324,25,False,65,/scratch/ans9868/rebuttal-deep-eeg-full-pipeline/eeg-full-pipeline/data/DL_W_C_ad_cntrl_seed44_hpc_braindecode_full/deep_learning_smoke_outputs/summary_metrics.csv
44,eeg_conformer_small,subject_overlap_smoke,0.9839265884624635,0.9838639337112952,25,False,65,/scratch/ans9868/rebuttal-deep-eeg-full-pipeline/eeg-full-pipeline/data/DL_W_C_ad_cntrl_seed44_hpc_braindecode_full/deep_learning_smoke_outputs/summary_metrics.csv
45,canonical_eegnet,subject_overlap_smoke,0.9014727254739076,0.9034743422009013,20,True,65,/scratch/ans9868/rebuttal-deep-eeg-full-pipeline/eeg-full-pipeline/data/DL_W_C_ad_cntrl_seed45_hpc_braindecode_full/deep_learning_smoke_outputs/summary_metrics.csv
45,eeg_conformer_small,subject_overlap_smoke,0.9874689335309761,0.9874981828754179,25,False,65,/scratch/ans9868/rebuttal-deep-eeg-full-pipeline/eeg-full-pipeline/data/DL_W_C_ad_cntrl_seed45_hpc_braindecode_full/deep_learning_smoke_outputs/summary_metrics.csv
46,canonical_eegnet,subject_overlap_smoke,0.9186807774250609,0.9210641081552551,25,False,65,/scratch/ans9868/rebuttal-deep-eeg-full-pipeline/eeg-full-pipeline/data/DL_W_C_ad_cntrl_seed46_hpc_braindecode_full/deep_learning_smoke_outputs/summary_metrics.csv
46,eeg_conformer_small,subject_overlap_smoke,0.9816406763065828,0.9813926442796919,25,False,65,/scratch/ans9868/rebuttal-deep-eeg-full-pipeline/eeg-full-pipeline/data/DL_W_C_ad_cntrl_seed46_hpc_braindecode_full/deep_learning_smoke_outputs/summary_metrics.csv
47,canonical_eegnet,subject_overlap_smoke,0.9204962362023938,0.922808547754034,25,False,65,/scratch/ans9868/rebuttal-deep-eeg-full-pipeline/eeg-full-pipeline/data/DL_W_C_ad_cntrl_seed47_hpc_braindecode_full/deep_learning_smoke_outputs/summary_metrics.csv
47,eeg_conformer_small,subject_overlap_smoke,0.9731999358627736,0.9726704462857974,14,True,65,/scratch/ans9868/rebuttal-deep-eeg-full-pipeline/eeg-full-pipeline/data/DL_W_C_ad_cntrl_seed47_hpc_braindecode_full/deep_learning_smoke_outputs/summary_metrics.csv
48,canonical_eegnet,subject_overlap_smoke,0.9187030037043558,0.9190289286233464,19,True,65,/scratch/ans9868/rebuttal-deep-eeg-full-pipeline/eeg-full-pipeline/data/DL_W_C_ad_cntrl_seed48_hpc_braindecode_full/deep_learning_smoke_outputs/summary_metrics.csv
48,eeg_conformer_small,subject_overlap_smoke,0.9832242154887114,0.982700973978776,25,False,65,/scratch/ans9868/rebuttal-deep-eeg-full-pipeline/eeg-full-pipeline/data/DL_W_C_ad_cntrl_seed48_hpc_braindecode_full/deep_learning_smoke_outputs/summary_metrics.csv
49,canonical_eegnet,subject_overlap_smoke,0.8921515113391855,0.8946067742404419,16,True,65,/scratch/ans9868/rebuttal-deep-eeg-full-pipeline/eeg-full-pipeline/data/DL_W_C_ad_cntrl_seed49_hpc_braindecode_full/deep_learning_smoke_outputs/summary_metrics.csv
49,eeg_conformer_small,subject_overlap_smoke,0.982459948154544,0.9816833842128216,25,False,65,/scratch/ans9868/rebuttal-deep-eeg-full-pipeline/eeg-full-pipeline/data/DL_W_C_ad_cntrl_seed49_hpc_braindecode_full/deep_learning_smoke_outputs/summary_metrics.csv
50,canonical_eegnet,subject_overlap_smoke,0.8990714466038442,0.9004215729030383,25,False,65,/scratch/ans9868/rebuttal-deep-eeg-full-pipeline/eeg-full-pipeline/data/DL_W_C_ad_cntrl_seed50_hpc_braindecode_full/deep_learning_smoke_outputs/summary_metrics.csv
50,eeg_conformer_small,subject_overlap_smoke,0.9904081384350271,0.9902602122401511,25,False,65,/scratch/ans9868/rebuttal-deep-eeg-full-pipeline/eeg-full-pipeline/data/DL_W_C_ad_cntrl_seed50_hpc_braindecode_full/deep_learning_smoke_outputs/summary_metrics.csv
51,canonical_eegnet,subject_overlap_smoke,0.8989205072634622,0.9028928623346416,23,True,65,/scratch/ans9868/rebuttal-deep-eeg-full-pipeline/eeg-full-pipeline/data/DL_W_C_ad_cntrl_seed51_hpc_braindecode_full/deep_learning_smoke_outputs/summary_metrics.csv
51,eeg_conformer_small,subject_overlap_smoke,0.9901478863662386,0.9898241023404565,24,True,65,/scratch/ans9868/rebuttal-deep-eeg-full-pipeline/eeg-full-pipeline/data/DL_W_C_ad_cntrl_seed51_hpc_braindecode_full/deep_learning_smoke_outputs/summary_metrics.csv
