feature,group,mean,std,median,min,max,q25,q75
feature_0,alz,0.9061564596247462,0.06354554632642073,0.9219511553502738,0.0973520511629811,0.9965728557870814,0.87944134293564,0.9503473157090352
feature_0,cntrl,0.8982580952664311,0.07080074829158187,0.9170545034806552,0.34277570723655426,0.9952976744704766,0.8696566923187306,0.9473381769895118
feature_1,alz,0.06362396816863714,0.04563130778749211,0.051663427518894266,0.0022770454664533873,0.4550822925317793,0.03194223236533762,0.08153527245690126
feature_1,cntrl,0.056215428285450265,0.039051432229765974,0.045915592695162016,0.002939769438061169,0.4501575731826861,0.02914146565187588,0.07191971146559728
feature_2,alz,0.0242433968647028,0.02695853703107278,0.016594615144314158,0.0003145289801454205,0.6749509589747973,0.009707418023100396,0.028473338283759492
feature_2,cntrl,0.038287586302586496,0.0417583472966817,0.024862647088660157,0.0007372351180478018,0.56156872401225,0.013344465631991242,0.0469687436271232
feature_3,alz,0.005976175341913944,0.005377749685932136,0.004568258386006323,0.00015168466019312108,0.12629507131945097,0.0028646384139057847,0.007298163094514796
feature_3,cntrl,0.007238890145532227,0.00575162126773312,0.005628660392691505,0.0001456919955628907,0.07844758378334693,0.0035252455781598423,0.009070120793359119
feature_4,alz,0.9055563722788863,0.06442360258948726,0.9217946539186045,0.26639576350791677,0.9951694765127409,0.8782891994047616,0.9507431370011488
feature_4,cntrl,0.8981192539694318,0.07113313688285279,0.916637269820054,0.3377296002319524,0.9950819631439062,0.8703493592092427,0.9475185801103015
feature_5,alz,0.06379901098607776,0.046710368231944396,0.0514779410417092,0.002675389057915449,0.4660633343626534,0.03152357766589865,0.08187931740120974
feature_5,cntrl,0.05620656128631148,0.039126947897174344,0.046173570833080255,0.002374550806825921,0.4681698798508462,0.029107339382688953,0.07166619924659223
feature_6,alz,0.02412562887946269,0.02657973015791128,0.016572968869336825,0.00042679977875792165,0.5309218773131827,0.009701821695185443,0.028531095653221206
feature_6,cntrl,0.038553477662780056,0.04216450850321901,0.024751166698404,0.0004991596831271492,0.5487771023258796,0.013275675754754017,0.04705419455844637
feature_7,alz,0.0065189878555731605,0.00624688120124668,0.004846457533394246,0.00018054656354397718,0.14937668494857115,0.002955190026125375,0.007910539473934799
feature_7,cntrl,0.007120707081476738,0.005779157902695934,0.005593837944059345,0.00023543264303706947,0.1553424517443147,0.003497090909614929,0.008900985612349517
feature_8,alz,0.9064705171824389,0.06266518406478408,0.9216176050325814,0.17059748512085254,0.9942758797267156,0.8818595757391539,0.9494405854088391
feature_8,cntrl,0.9072685823184459,0.062026673551434486,0.9234341991645322,0.42464845672325835,0.994736784200126,0.8818348396072619,0.9503713491494992
feature_9,alz,0.0649172446711209,0.046543916595538005,0.053072042740691217,0.003531933668155623,0.5491218949411012,0.03296463670010358,0.08263797197735881
feature_9,cntrl,0.05585056725545878,0.03823385960173378,0.04600515372610024,0.0017186523873891832,0.4488881287043453,0.029259128456302613,0.0714787899854756
feature_10,alz,0.0229152314173719,0.023461670130427548,0.01660691621133821,0.001047009595438686,0.6325332070284203,0.010079623247602256,0.027523345858149265
feature_10,cntrl,0.030725609603489048,0.03172317941367687,0.021254307218591378,0.000762000549224427,0.4453818196933136,0.01224122021809363,0.03709575474594365
feature_11,alz,0.005697006729068391,0.005534878424789908,0.004345567131742807,0.00035545199716673087,0.18582406632976672,0.002780567534644624,0.006890096914612778
feature_11,cntrl,0.006155240822606425,0.004854591238335258,0.004962966983657692,0.0003905541269213771,0.17598735017666006,0.0031561997555128794,0.007684280954886727
feature_12,alz,0.9082033549665969,0.06068481957169574,0.9237838443383429,0.21193908939893477,0.9944365474512038,0.8829648052470598,0.9505524342609335
feature_12,cntrl,0.9048797731793764,0.06521180297632177,0.9217323992799077,0.2592103044552674,0.9950346840973252,0.8791531547739757,0.9497457900620778
feature_13,alz,0.0636275606166505,0.0453571220797832,0.05137995305723637,0.003372507816600369,0.4196435537992904,0.032359478944885556,0.0810815288241131
feature_13,cntrl,0.056070066697040684,0.03872355486869233,0.046172831937935414,0.0012798243946631855,0.45734979392237596,0.02922190380611939,0.07162959216656395
feature_14,alz,0.022354384308472593,0.02172415291960242,0.016421409031711878,0.001197460194408386,0.5641902011720221,0.010029521107483685,0.02721248625115072
feature_14,cntrl,0.03291556931518133,0.03545526782563931,0.02191872354434421,0.0008959046853260019,0.5906495623912751,0.012325523023746966,0.03956670067295319
feature_15,alz,0.005814700108279944,0.005181763923350387,0.004429489756150439,0.00035612714717780865,0.11544360858996651,0.0028126014380738325,0.00702723667731744
feature_15,cntrl,0.006134590808401627,0.004719938001292448,0.004924518066510238,0.00027231236193205494,0.11626250253881444,0.0031645327876290144,0.007679546968824955
feature_16,alz,0.9187751030702284,0.05629325449476693,0.9319636053044654,0.10027003019111508,0.9939146957152536,0.897531372859006,0.956088854928234
feature_16,cntrl,0.9172834683532206,0.05557344470334733,0.9316484819049624,0.18250156690989403,0.9942052597036626,0.8942271732347472,0.9552678406882094
feature_17,alz,0.05782651185274495,0.04033760421744114,0.04747872032190999,0.0035796078589561625,0.68546198525747,0.029787509968695863,0.07372077651863947
feature_17,cntrl,0.05494778818432141,0.03787468192004688,0.0449099639525436,0.0031050361750271996,0.43380689119052557,0.028707741298404213,0.07046697012862232
feature_18,alz,0.018864486293546718,0.020786325165434518,0.014168241015509175,0.0009508277978846732,0.7170253476128003,0.008753118107309037,0.022687543888784377
feature_18,cntrl,0.022901390325137022,0.023738445980250253,0.016425617270000182,0.000989146890863951,0.66031317203853,0.009899518519579466,0.027546355126088433
feature_19,alz,0.004533898783479932,0.0048054093230351725,0.003517599095655116,0.0003193981239417917,0.16819581901300487,0.002285049110088603,0.0054055470667344115
feature_19,cntrl,0.004867353137320883,0.00397275558404601,0.00393274965328444,0.00027686096162647455,0.13391790098263978,0.002585210678299919,0.006071841716605606
feature_20,alz,0.9186528781638753,0.05654463571421874,0.9321811226893263,0.08850494777482094,0.9939268403119553,0.8968022619892209,0.956445548833339
feature_20,cntrl,0.9177131871889629,0.05511931950542128,0.9316391073806912,0.19937108925952915,0.9943324850194741,0.895622104311451,0.9551511009352063
feature_21,alz,0.05786652711471119,0.04048659987028364,0.047549437214388666,0.0031487540352136694,0.6798338954060335,0.029712557384640178,0.07435542330328065
feature_21,cntrl,0.05494115338280627,0.03809381462574329,0.04502023306275694,0.0037451215108723727,0.45514690825114856,0.02862863357553843,0.070199328125407
feature_22,alz,0.0189305638558455,0.02115306430303721,0.01414521875394014,0.0004861518464675086,0.7132223355788191,0.008800378126134623,0.022887180708676985
feature_22,cntrl,0.022473588809954332,0.023170982321994993,0.016281069298998162,0.0009307775740922427,0.6469892102538833,0.009894879330957729,0.02719101026586401
feature_23,alz,0.004550030865568095,0.004811598205247744,0.00352898078718875,0.00026077565441593776,0.16143896877487557,0.0022865633220920936,0.005422747209996885
feature_23,cntrl,0.004872070618276547,0.003949991622646503,0.003935795031556249,0.00030050861420254793,0.12825396794126875,0.002585953768821359,0.006044013640205339
feature_24,alz,0.9057615622912041,0.06521957464366408,0.921862421351551,0.06770944831867966,0.9925205934704583,0.8798342283990137,0.9502616141286395
feature_24,cntrl,0.8829195122172961,0.0847240792559991,0.9066810138932869,0.19143843654861656,0.9928982040317644,0.850188971538457,0.9417424278256008
feature_25,alz,0.06156436400362476,0.042569329073800025,0.0507460772418881,0.0016906047076439097,0.49236751933558554,0.031689544491171756,0.07907249546828748
feature_25,cntrl,0.057247612005230784,0.03941192316995458,0.04699963641352586,0.003272575629184137,0.43270218541248495,0.030030937194123433,0.07297490114544514
feature_26,alz,0.027802707674313604,0.033922544400725875,0.018116697434295174,0.000638532906861798,0.7438634753791469,0.010608014190633067,0.03222848751134072
feature_26,cntrl,0.05381157844553934,0.059983351069297475,0.0328571268535207,0.001492962739060452,0.6907159729751217,0.016729566191291262,0.06706763146853216
feature_27,alz,0.004871366030857488,0.0042775550641700934,0.0038030776311720007,0.0003191806215742365,0.07647365375317014,0.00246945330539977,0.005842828946080562
feature_27,cntrl,0.006021297331933782,0.004208180729632369,0.004907538565808562,0.0002771416325554646,0.05274789300848593,0.0032031432220149124,0.00761077576222173
feature_28,alz,0.9056204665837301,0.06582559311347941,0.9223038696439578,0.06613038126409387,0.9913909769798045,0.8801066020939886,0.9506830425581778
feature_28,cntrl,0.8913695607211058,0.07563992838620841,0.9116091692813649,0.20034219769215922,0.9944981596823245,0.8597545942122728,0.9441087772467931
feature_29,alz,0.06109497050205644,0.042565990744607346,0.050037928830212894,0.0034316570500283277,0.4289143394226851,0.03142357055253669,0.07838145996610592
feature_29,cntrl,0.055941418885219495,0.03816889182154948,0.0461149542653365,0.0033741839165634517,0.5035022825696477,0.029392397543549602,0.07160811706578514
feature_30,alz,0.02850684089766262,0.03519640837983922,0.017950265132720022,0.0005315547493122367,0.6774614737792863,0.010596958433980378,0.032122656093921925
feature_30,cntrl,0.04695986451744499,0.04986701892008753,0.029543730858161293,0.0011440471397329642,0.6696169638563098,0.0155461738701986,0.060117857021762505
feature_31,alz,0.004777722016550837,0.003942592842529252,0.0037681566177728094,0.0002735700714500401,0.07829385106922888,0.0024536523039543736,0.0058054263521465
feature_31,cntrl,0.005729155876229643,0.004270364132955933,0.004647378580437126,0.00032423474472463684,0.08135535273990697,0.002993789094281907,0.007188121137859774
feature_32,alz,0.8898157669256942,0.07843804418662156,0.9109691064748656,0.07446656170632227,0.9920736697259105,0.8594278767609567,0.9433924730777123
feature_32,cntrl,0.8378195632856223,0.12063002202946772,0.8728552080637764,0.051188606708719504,0.995354863639659,0.7842033351346666,0.9252540569359157
feature_33,alz,0.06557357589301917,0.04563686916944523,0.05355394192413522,0.0036298813300299918,0.4244448237017799,0.03365315209478348,0.08452136995715531
feature_33,cntrl,0.059865371012698454,0.04207955731524134,0.04909338773704055,0.003362460140618494,0.4189807731228262,0.031204190173289594,0.07582803624370929
feature_34,alz,0.038898521240922995,0.05037096995301796,0.02246943315935235,0.001511217506261583,0.7358778269774381,0.012885307832146411,0.043426483947347876
feature_34,cntrl,0.09512791051026527,0.10112164398742379,0.05851864713727054,0.0009925101380642198,0.8933170385378084,0.02381009262570155,0.13151213610117618
feature_35,alz,0.005712135940363735,0.004738551810895503,0.004519421960926006,0.00034832317906182206,0.12406378190966447,0.0029417853570268496,0.006955135985896254
feature_35,cntrl,0.007187155191413827,0.0049714411680805235,0.00593987291640529,0.00029016608165836785,0.04812682482298445,0.0037957993939725064,0.009161913699581511
feature_36,alz,0.8887651267219556,0.07876432843868951,0.9091503681396366,0.06398399448325649,0.9917466942816394,0.8581472201927736,0.9432684334808292
feature_36,cntrl,0.8259636151255715,0.12447219118593085,0.860774118300025,0.11837186403599025,0.9918829203431841,0.7671149319133883,0.9179417624021747
feature_37,alz,0.06555673923412315,0.04560949204909431,0.053503502102310106,0.0032176653191713397,0.5180006105864745,0.03391875986513497,0.08414919501872803
feature_37,cntrl,0.05992518435942204,0.041204541947340786,0.04932269144738679,0.0039386305313643425,0.5065086688410023,0.031578118758216644,0.07619473734776973
feature_38,alz,0.04001500943883499,0.05072069762329038,0.023211647387341452,0.001070305152826741,0.6936989092422609,0.012890454472065408,0.04520138113375552
feature_38,cntrl,0.1063651455406105,0.10628751388545847,0.07061029726971323,0.0012921056351916232,0.7690819244874294,0.028580941553861636,0.14893986207917737
feature_39,alz,0.005663124605086247,0.004465045086225667,0.00450528550650018,0.00036504701506978745,0.07890430915586594,0.002905821078859223,0.0069632327331898315
feature_39,cntrl,0.007746054974395983,0.005366030363411114,0.006367176641056433,0.0004939024262792884,0.05167073206834523,0.004089096362515298,0.00982439798952299
feature_40,alz,0.8984025929665287,0.06679361769696888,0.9153472253338639,0.3227636429855818,0.9943075338997921,0.8703738749236336,0.9451063383829912
feature_40,cntrl,0.8983866777522622,0.06839545632130369,0.9160433012105454,0.3420895680280604,0.9951833145874215,0.8698254552974388,0.9461414471129586
feature_41,alz,0.06775986047775831,0.04737129530607492,0.055757352854577155,0.001945628484922731,0.4937079848296563,0.03471004846242516,0.08732905690566037
feature_41,cntrl,0.05803662718620876,0.03965032837218937,0.047517029319367646,0.002758423449119908,0.43828511729293756,0.030478746320989642,0.07431406175183172
feature_42,alz,0.02690424565454878,0.02805849277216632,0.01869817888558196,0.0007919326959585926,0.5048089176828862,0.011259502333984884,0.031973683895342886
feature_42,cntrl,0.036277280715377024,0.037735788488216,0.02451542752331635,0.0007395017734417653,0.570810964381794,0.013688733247385555,0.04499253096175692
feature_43,alz,0.006933300901164276,0.007996010555878097,0.0049051294280813215,0.00034989365589602493,0.19754730489010217,0.0031170667046717827,0.007960809559174999
feature_43,cntrl,0.0072994143461521796,0.006273740092332625,0.005694445195890901,0.0004747843151934116,0.1978438756208364,0.0035976509377572603,0.009025285215583526
feature_44,alz,0.901314602569327,0.06513015044036535,0.9176608025325814,0.1877125157372818,0.9945897171124326,0.8738994303564809,0.9471926144786484
feature_44,cntrl,0.8973214602062625,0.0698195123565956,0.9152353735042272,0.3552270431980021,0.9962264174205779,0.8686858888859672,0.9460596812179527
feature_45,alz,0.06616349864863175,0.0466187942677571,0.05398762121087583,0.0031881122416243493,0.4501041006520119,0.033768837186735616,0.08484242212106245
feature_45,cntrl,0.058170729328166304,0.04038047788241677,0.04801537307535394,0.0014657666017735382,0.4707957500038523,0.030277565081501985,0.07421893428492624
feature_46,alz,0.0260423572827048,0.02658397367025789,0.01844948655374938,0.0009882309204082879,0.6093608558056495,0.011007626853827931,0.031134298609910925
feature_46,cntrl,0.03780155055050919,0.03917042896886322,0.025390999182346004,0.0012657183527128677,0.4832747096117705,0.01398349230529127,0.04609015340030036
feature_47,alz,0.0064795414993364005,0.006534110559966904,0.004742864019425389,0.00033131755485784237,0.12037236166776379,0.0029931315132977784,0.007615458841918645
feature_47,cntrl,0.006706259915062018,0.005134838062914316,0.0054330129652454045,0.0003597886863263942,0.10722587915705614,0.0034936483728459497,0.008384009723818985
feature_48,alz,0.8980323557370873,0.06852626844895784,0.914788830974839,0.06249878071646122,0.9955462806258282,0.8698223685870579,0.9455733324307046
feature_48,cntrl,0.8934710386982805,0.07107150370997913,0.9110171482767004,0.23821218076023384,0.9920466325501093,0.8635785909911766,0.94327051749929
feature_49,alz,0.0682998627065752,0.04801695962981391,0.05600821623129231,0.002273511865289261,0.4929366030315946,0.0348891589027902,0.08816781655324991
feature_49,cntrl,0.058994151738322405,0.03999290326885448,0.04854914042877767,0.003713360076990706,0.4404731796986501,0.031071937715131268,0.07565239973524746
feature_50,alz,0.02769888824517533,0.029629686633334935,0.0193152101754867,0.0006781105597375642,0.6958295964543387,0.011456158951969227,0.03289940517807366
feature_50,cntrl,0.04002454001921857,0.04090453804545897,0.027183231925287106,0.0009062605236106711,0.5974370625470072,0.015218373624392436,0.04981397138995834
feature_51,alz,0.00596889331116216,0.0059386732089029065,0.004481825459520894,0.00035300570070283797,0.22667040824354798,0.002886906538404374,0.007089207613893781
feature_51,cntrl,0.007510269544178502,0.005836887304583388,0.005984405839454489,0.0004723065805130305,0.13498720668767436,0.00389444098046806,0.009395486256725646
feature_52,alz,0.9005582572245454,0.06713589675380692,0.9168184328646941,0.059362500134303144,0.9938824024336517,0.8735893857676291,0.9468920803062111
feature_52,cntrl,0.8990828727343496,0.06684001794302641,0.9158846596123752,0.3414957355851347,0.9952378848775761,0.8712152624635536,0.9458848489385118
feature_53,alz,0.06631575986106668,0.04731162302409335,0.05416386782990969,0.001202863122532671,0.6455067188162521,0.03359275748464158,0.08469416048905187
feature_53,cntrl,0.05833892378266084,0.04022414429933881,0.04812008573946342,0.003295137267774651,0.46211322333734145,0.03041169788003038,0.07461580768956591
feature_54,alz,0.02628725854069304,0.026274778259974024,0.018920255158606177,0.0007723768757682192,0.5419967519229401,0.011346614632607072,0.031778394257708634
feature_54,cntrl,0.0355836972148961,0.035417825112349734,0.02474186870077098,0.0009078321874727263,0.5636213320269623,0.01422872671117815,0.04360735384894178
feature_55,alz,0.006838724373694886,0.0074436389901108065,0.004892301073277355,0.00020359243804096255,0.20104545006598334,0.0030572079425288806,0.007939133887173613
feature_55,cntrl,0.006994506268093578,0.005211534638562807,0.005678936900843872,0.0004079551596481433,0.11603559735831205,0.003688376539046319,0.008775289992213647
feature_56,alz,0.889606777361261,0.07736073826329587,0.9105989735840869,0.07631434347009844,0.993208512536427,0.8591588124607209,0.9430371805882735
feature_56,cntrl,0.8388629195562614,0.12032567920436597,0.8731148893583832,0.033458590231414544,0.9917782283792564,0.7890724775996425,0.9252100233167639
feature_57,alz,0.06835911009343959,0.04827119399590833,0.05616630495113329,0.0033990118000280954,0.5730197253259784,0.03470090672112476,0.08776955886088778
feature_57,cntrl,0.0619257890152895,0.04342489966153974,0.05087602853950986,0.003598256439621606,0.4925623637303073,0.032370038012478244,0.07831703197172153
feature_58,alz,0.036426899537719166,0.04320500628485227,0.022020599661230923,0.0010825492019984888,0.6670230038337932,0.012571972906557084,0.04255173491159413
feature_58,cntrl,0.0915711919814288,0.1001779406218559,0.055090951978406265,0.0014730712788546213,0.9103137837892975,0.02505247372049755,0.12118743282452984
feature_59,alz,0.0056072130075801715,0.0044905902507980655,0.004483479680727599,0.0003201429903464872,0.13516752981451405,0.0028942866913224787,0.006876990642299113
feature_59,cntrl,0.007640099447020346,0.005160873268797373,0.006347633427292152,0.0004376857677665455,0.07130900933390404,0.004128778439290357,0.009706536377541906
feature_60,alz,0.8884212838511257,0.07945887785128877,0.9092679602548777,0.06455551207466752,0.99254044129602,0.8577166903206379,0.9429600964797951
feature_60,cntrl,0.8557516099599443,0.10228954486847502,0.8833476651004859,0.07913587912320165,0.9931382351199809,0.8120059622690645,0.9292618996013451
feature_61,alz,0.06799267799197303,0.04843500110645716,0.05556082665850281,0.003320119988506461,0.558267031162665,0.03453132344191649,0.08737506913590133
feature_61,cntrl,0.06003086082386437,0.041654381106782705,0.049299943562991805,0.0038193543762755537,0.47037537513834166,0.031283200157800076,0.07703558424596058
feature_62,alz,0.037907404605461395,0.04648802439576584,0.02251194448986499,0.0009966203563210674,0.8585007409125446,0.012806651982234494,0.04335566513667917
feature_62,cntrl,0.07716529644663783,0.07959914558682657,0.04940993901522244,0.001178376240548341,0.793042397967831,0.02357744118094297,0.10262494633276066
feature_63,alz,0.005678633551439801,0.004727098360285351,0.004451397570332625,0.00031864097090741385,0.09979327313899503,0.002885417983725578,0.006909064004680234
feature_63,cntrl,0.007052232769553553,0.00483333906840506,0.005843823240345214,0.0004964212554065277,0.05864455972140451,0.0037992747804332207,0.008906996406486758
feature_64,alz,0.9050697372589983,0.0654540027013109,0.921925602682244,0.090378111832584,0.9942393019537101,0.8787248525547047,0.9497196628076665
feature_64,cntrl,0.9040563155637288,0.06577952643786941,0.921006761601468,0.13207627753395065,0.994090449118038,0.8771637933957243,0.949264313287409
feature_65,alz,0.06698839528649612,0.04948042272384307,0.05348099490468159,0.00206873257547285,0.5070939274115751,0.03338413442733812,0.08531996388083862
feature_65,cntrl,0.05706326002383096,0.039180991599337106,0.04687414254217622,0.0034442966086633887,0.4655347680880074,0.029957666310971597,0.07275436101961823
feature_66,alz,0.02307857304654124,0.025444628138735395,0.016479158507147373,0.001011182491111189,0.7157686471839501,0.009907339777034764,0.027490078468957905
feature_66,cntrl,0.03346366921212532,0.03674694504237977,0.02216389700769291,0.0012077934881447772,0.6752645407040617,0.012596618968664347,0.040458592524621015
feature_67,alz,0.004863294407964309,0.004294371695308323,0.003781977726319298,0.0002942367063394491,0.17769346534891564,0.002434707058439375,0.0058728341494928
feature_67,cntrl,0.005416755200314964,0.0040268205874761254,0.00437184654282854,0.00026851014911785805,0.08686414778359292,0.002844413646260327,0.006766556834299
feature_68,alz,0.9189185920046404,0.05525779317786569,0.9321809732347013,0.2134042049969967,0.9974774200257523,0.8972479028007478,0.9563520150441647
feature_68,cntrl,0.9179799929280854,0.05411261963521247,0.9314271979314352,0.21567302776734912,0.9947525878570337,0.8958353569590884,0.9555406574726688
feature_69,alz,0.05762079710477475,0.04038308392030372,0.047202334440233744,0.0012161447056145208,0.5410562547090473,0.029638521856083032,0.07387858872437164
feature_69,cntrl,0.055248600717076504,0.03824043632304748,0.04536066364274372,0.003078447606773826,0.4489807524790185,0.0288243060109616,0.07077745015109521
feature_70,alz,0.018765127957338545,0.0180643334320392,0.014363756637228978,0.0008517329876445629,0.4796458303633894,0.008858971016642781,0.023123003449104708
feature_70,cntrl,0.02193254287170683,0.021093656559272075,0.016244717660220422,0.0009881420357216067,0.556037213583878,0.009839103681211447,0.027117796647929467
feature_71,alz,0.004695482933246072,0.004671785695533376,0.003595644854288836,0.0003149077831516906,0.198748845799549,0.0023052178040610305,0.0055913736355830915
feature_71,cntrl,0.004838863483131173,0.003836044989573138,0.0038111271411721288,0.00024738659196943185,0.06403786138778386,0.002470985878258802,0.005969867861121539
feature_72,alz,0.9096592409557491,0.062209218350690786,0.9250372413149437,0.13336351426871806,0.9923596171817449,0.884834421741241,0.9520135000991617
feature_72,cntrl,0.8904741906950572,0.07947750606414629,0.911870660699674,0.09139264672873569,0.9945842179382965,0.8599346377800998,0.944833596059431
feature_73,alz,0.060024806404660284,0.04173776245016968,0.0489509373405128,0.0032672032171131866,0.37258017813402633,0.03088603094409112,0.07721657937944684
feature_73,cntrl,0.056178880029116585,0.03869641229133569,0.0462635907165372,0.0030694696661063684,0.47158187445456695,0.029404527325907887,0.071496747366489
feature_74,alz,0.02585200221309506,0.031047576319221264,0.01713300772208849,0.0006187253715325007,0.6083944072762647,0.010120386912107055,0.029987000270949957
feature_74,cntrl,0.048041922208887616,0.05516182112341673,0.02925394673551764,0.0013159488179561535,0.8765541397688149,0.015260270089732571,0.05925132095961293
feature_75,alz,0.004463950426495324,0.003563492394818979,0.003568432705125977,0.00025410668223756346,0.07443415358631408,0.0023448954937969036,0.005453725563597778
feature_75,cntrl,0.0053050070669385585,0.003757802252278497,0.004353080005667051,0.0002757211077336553,0.0750539568629083,0.0028557758480048465,0.006627248246633039
feature_76,alz,-5.950205780483968e-05,0.00028566127332653023,-3.200890029231204e-05,-0.00329490749656479,0.003374890133791014,-0.0001249677049886537,4.560605345679314e-05
feature_76,cntrl,-3.543996290135529e-06,0.00020619626872236314,-7.085671006799297e-06,-0.003249273433596353,0.0021603600915633065,-8.124794477958985e-05,7.345386081399875e-05
feature_77,alz,-3.627359474133611e-05,0.00026971775447011615,-4.2296996036026975e-05,-0.0033890786676070116,0.0035685655687549443,-0.00012104759818629213,3.3392077579885856e-05
feature_77,cntrl,-3.6858666270736775e-05,0.00020668701924409318,-3.1305038367327964e-05,-0.003506796348007578,0.0022425405684947013,-0.00011047458687375023,4.017445128755042e-05
feature_78,alz,-1.355660703033446e-05,0.00027035698782463386,-1.1039223812644598e-05,-0.003227635515125333,0.0033686095501761844,-7.983096941366422e-05,5.157508631848757e-05
feature_78,cntrl,-2.7680326335268885e-06,0.00019684519882427507,-7.978632687728136e-06,-0.0036134857686021815,0.0012269868915514657,-7.589476149341093e-05,6.399546839061537e-05
feature_79,alz,1.9250069788444016e-05,0.0002919554000399668,-1.5545618468963821e-06,-0.0032053490056108427,0.0037713217391205337,-7.004667473435003e-05,7.682202501220753e-05
feature_79,cntrl,-5.995464666404212e-06,0.00024214668509366235,-1.862723769464943e-06,-0.0034680508241901227,0.001339936331508161,-7.444468570727455e-05,7.674374055417676e-05
feature_80,alz,-4.1643881212403635e-07,0.00023704452679358892,-1.1978008883703072e-06,-0.0032237808583340266,0.003308715153439374,-5.1354710073946795e-05,4.5688547225494045e-05
feature_80,cntrl,-1.9971304029050026e-05,0.00014241000137340862,-1.746706565327044e-05,-0.0033024738390552135,0.0007379586524429675,-6.602212938406244e-05,2.917945407776734e-05
feature_81,alz,9.980961949632879e-06,0.0002390929288857112,1.2016074346114114e-06,-0.0032411796107282643,0.003332457850202729,-4.6237043506697287e-05,5.095434051303368e-05
feature_81,cntrl,1.0712864833334195e-05,0.0001392446840596358,1.6832787092251433e-05,-0.0031743839718833275,0.000559546865688174,-2.9524668127020384e-05,6.388496364194459e-05
feature_82,alz,3.342694969431966e-05,0.00031720011001423347,2.11627453296364e-05,-0.003372627428068787,0.0034923357896493486,-5.3500171302716626e-05,0.00010674119004497997
feature_82,cntrl,2.917233565989153e-07,0.00019874426872018537,5.811717889493183e-06,-0.0033532099368650064,0.0022146991080653263,-7.337681011272858e-05,8.689293161064367e-05
feature_83,alz,-5.888133367738625e-06,0.0002782734786166388,-4.081913911605344e-06,-0.0033118471474746,0.003411049160422999,-8.242694554084305e-05,7.959794106680421e-05
feature_83,cntrl,-4.691787085305166e-05,0.0002009708381588801,-3.45935712683447e-05,-0.0031749342560688705,0.002133708133542482,-0.00014717847106077132,3.5340078922091603e-05
feature_84,alz,2.6154395156857615e-05,0.00028874748038688143,1.6367766366332154e-05,-0.0032882967344686873,0.003356381179311449,-5.939285665258099e-05,9.898587905685556e-05
feature_84,cntrl,2.9649865664839054e-05,0.00022489055308481107,6.986487029672543e-06,-0.0033595249325970183,0.002193798531529111,-6.782460370197206e-05,9.639623235254427e-05
feature_85,alz,-1.3374774702476399e-05,0.0004029886162487414,-1.5207178416846198e-05,-0.0032801111433523487,0.003329899856963847,-0.0001370647032684997,0.0001038505716343906
feature_85,cntrl,2.5654507583249677e-06,0.00032727036936485316,1.0296357035080961e-05,-0.003613435021183794,0.0024895946808572928,-9.535246009448621e-05,0.00013078343032821665
feature_86,alz,-1.7980190749238095e-05,0.00031623989631744437,-1.6329315471220303e-05,-0.0032557054411642243,0.0036120953379713003,-9.251621579202629e-05,5.61782189166244e-05
feature_86,cntrl,-1.6108493133387632e-05,0.00023062979700308039,-2.7912063446940806e-06,-0.0034474016345873585,0.003278374329060574,-7.68143946405731e-05,6.833707327794265e-05
feature_87,alz,2.9895312463100483e-05,0.00030484588102369463,1.8971727399489305e-06,-0.003128645453812042,0.0035548061219278296,-6.448200879509571e-05,7.68362889118309e-05
feature_87,cntrl,1.593866291924347e-05,0.0002753179154817845,-4.078758284737476e-06,-0.003590715922457944,0.002351244889312073,-7.783674337179322e-05,8.012623461487291e-05
feature_88,alz,1.45112259468576e-05,0.0002628441656607057,3.960575928535563e-06,-0.0031584542921906226,0.0035642802745760632,-5.848908086541015e-05,6.803424662863866e-05
feature_88,cntrl,9.070960128182703e-06,0.00017799562230714342,4.648918628692627e-06,-0.0033180927884014825,0.000794940176316375,-6.0924340349765394e-05,8.250964091889942e-05
feature_89,alz,-3.63004611027868e-06,0.00030971660337313886,-6.343416294838741e-07,-0.0032743194966376584,0.003259696725620419,-6.833416090287184e-05,6.450884862060471e-05
feature_89,cntrl,-1.8861430248185947e-06,0.0002829170437929549,-8.98710635580435e-06,-0.0034106938148005497,0.003270288411078812,-7.233595293160678e-05,6.016829970772866e-05
feature_90,alz,5.857740922599811e-06,0.0002601355237821965,1.04489417095172e-07,-0.003369241827063208,0.0033768001181178693,-6.375056343869635e-05,6.238946077445997e-05
feature_90,cntrl,8.768634754842761e-06,0.0001667410484772023,5.638690691801167e-06,-0.0034000983393883246,0.0020421305118690407,-5.478991939964331e-05,7.71152206706969e-05
feature_91,alz,7.628669475032499e-05,0.0002816734519083777,4.246966637141859e-05,-0.0031198688179234677,0.0035722488554180026,-2.423532177594246e-05,0.0001304291258436453
feature_91,cntrl,5.118880295626055e-06,0.00020958073049083463,1.0504488475556218e-05,-0.003537678168981096,0.0019583707991059347,-7.826477773248316e-05,0.00010335002653111147
feature_92,alz,-1.8539940112635962e-05,0.0002478693726805978,-1.6158985412136702e-05,-0.003168745803578864,0.0035414697654363235,-9.26825572960699e-05,4.412889717103321e-05
feature_92,cntrl,-4.2709062380956616e-05,0.0002295529694361811,-2.3220195981202964e-05,-0.003275400156406146,0.0021172394661696887,-0.00011140592787728001,5.5897808191221924e-05
feature_93,alz,-1.2654030913491377e-05,0.0002577119135449999,-1.03399815043952e-05,-0.0032778466373979847,0.0034222016212824267,-7.641400923822657e-05,5.0827977851777774e-05
feature_93,cntrl,1.0824735214726354e-05,0.00017353888274028489,8.070304056869042e-06,-0.0031616097406416553,0.0020713559311695846,-5.6323922719104055e-05,8.068727029176016e-05
feature_94,alz,1.9190078467829152e-05,0.00025528838398257864,1.2579405803230907e-05,-0.0032095043733864925,0.00356717762686204,-5.366401034796102e-05,8.306631489756264e-05
feature_94,cntrl,-2.164129187647661e-05,0.00017836848198905537,-1.1668294373907141e-05,-0.003309403594218437,0.0019298647247863404,-9.673976597999987e-05,5.8841417908986186e-05
